0,7,1,4.19민주묘지,April 19th National Cemetery,Ui Lrt Line,943,가오리,Gaori,Ui Lrt Line,944
1,545,1,가능,Ganeung,LINE 1,109,의정부,Uijeongbu,LINE 1,110
2,47,1,가락시장,Garak Market,LINE 3,350,경찰병원,National Police Hospital,LINE 3,351
2,244,1,가락시장,Garak Market,LINE 8,817,문정,Munjeong,LINE 8,818
4,177,2,가산디지털단지,Gasan Digital Complex,LINE 1,P142,독산,Doksan,LINE 1,P143
4,630,1,가산디지털단지,Gasan Digital Complex,LINE 7,746,철산,Cheolsan,LINE 7,747
6,612,1,가양,Gayang,LINE 9,907,증미,Jeungmi,LINE 9,908
7,688,1,가오리,Gaori,Ui Lrt Line,944,화계,Hwagye,Ui Lrt Line,945
8,601,1,가재울,Gajaeul,Incheon Line2,I216,주안국가산단,Juan National Industrial Complex,Incheon Line2,I217
9,10,1,가정,Gajeong,Incheon Line2,I211,가정중앙시장,Gajeong Jungang Market,Incheon Line2,I212
10,348,1,가정중앙시장,Gajeong Jungang Market,Incheon Line2,I212,석남,Seongnam,Incheon Line2,I213
11,205,2,가좌,Gajwa,Gyeongui-Jungang Line,K315,디지털미디어시티,Digital Media City,Gyeongui-Jungang Line,K316
11,434,8,가좌,Gajwa,Gyeongui-Jungang Line,K315,신촌,Sinchon,Gyeongui-Jungang Line,P312
12,657,1,가천대,Gachon Univ.,Bundang Line,K223,태평,Taepyeong,Bundang Line,K224
13,97,5,가평,Gapyeong,Gyuongchun Line,P134,굴봉산,Gulbongsan,Gyuongchun Line,P135
14,599,1,간석,Ganseok,LINE 1,155,주안,Juan,LINE 1,156
15,565,1,간석오거리,Ganseogogeori,Incheon Line1,I123,인천시청,Incheon City Hall,Incheon Line1,I124
16,267,1,갈매,Galmae,Gyuongchun Line,P123,별내,Byeollae,Gyuongchun Line,P124
17,288,1,갈산,Galsan,Incheon Line1,I117,부평구청,Bupyeong-gu Office,Incheon Line1,I118
18,79,1,강남,Gangnam,LINE 2,222,교대,Seoul Nat`l Univ. of Education,LINE 2,223
18,460,2,강남,Gangnam,Shinbundang Line,D7,양재,Yangjae,Shinbundang Line,D8
20,359,1,강남구청,Gangnam-gu Office,Bundang Line,K213,선정릉,Seonjeongneung,Bundang Line,K214
20,669,1,강남구청,Gangnam-gu Office,LINE 7,730,학동,Hak-dong,LINE 7,731
22,614,1,강남대,Kangnam Univ.,Yongin Everline,Y111,지석,Jiseok,Yongin Everline,Y112
23,110,1,강동,Gangdong,LINE 5,548,길동,Gil-dong,LINE 5,549
23,202,1,강동,Gangdong,LINE 5,548,둔촌동,Dunchon-dong,LINE 5,P549
24,240,2,강동구청,Gangdong-gu Office,LINE 8,812,몽촌토성,Mongchontoseong,LINE 8,813
25,681,1,강매,Gangmae,Gyeongui-Jungang Line,K319,행신,Haengsin,Gyeongui-Jungang Line,K320
26,576,2,강변,Gangbyeon,LINE 2,214,잠실나루,Jamsillaru,LINE 2,215
27,113,7,강촌,Gangchon,Gyuongchun Line,P137,김유정,Gimyujeong,Gyuongchun Line,P138
28,33,1,개롱,Gaerong,LINE 5,P553,거여,Geoyeo,LINE 5,P554
29,493,1,개봉,Gaebong,LINE 1,143,오류동,Oryu-dong,LINE 1,144
30,154,1,개포동,Gaepo-dong,Bundang Line,k219,대모산입구,Daemosan,Bundang Line,k220
31,114,4,개화,Gaehwa,LINE 9,901,김포공항,Gimpo Intl. Airport,LINE 9,902
32,114,1,개화산,Gaehwasan,LINE 5,511,김포공항,Gimpo Intl. Airport,LINE 5,512
33,218,1,거여,Geoyeo,LINE 5,P554,마천,Macheon,LINE 5,P555
34,88,2,건대입구,Konkuk Univ.,LINE 2,212,구의,Guui,LINE 2,213
34,209,1,건대입구,Konkuk Univ.,LINE 7,727,뚝섬유원지,Ttukseom Park,LINE 7,728
36,217,1,검단사거리,Geomdan Sageori,Incheon Line2,I203,마전,Majeon,Incheon Line2,I204
37,509,1,검단오류,Geomdan Oryu,Incheon Line2,I201,왕길,Wanggil,Incheon Line2,I202
38,442,1,검바위,Geombawi,Incheon Line2,I208,아시아드경기장,Asiad Stadium,Incheon Line2,I209
39,38,1,검암,Geomam,Incheon Line2,I207,검바위,Geombawi,Incheon Line2,I208
39,635,5,검암,Geomam,Airport Railroad Line,A07,청라국제도시,Cheongna Int’l City Station,Airport Railroad Line,A071
41,643,5,경기광주,GyeonggiGwangju,Gyeonggang Line,K413,초월,Chowol,Gyeonggang Line,K414
42,700,1,경기도청북부청사,Gyeonggi Provincial Government Northern Office,Uijeongbu Lrt Line,U120,효자,hyoja,Uijeongbu Lrt Line,U121
43,151,1,경마공원,Seoul Racecourse Park,LINE 4,436,대공원,Seoul Grand Park,LINE 4,437
44,446,1,경복궁,Gyeongbokgung,LINE 3,327,안국,Anguk,LINE 3,328
45,573,12,경인교대입구,Gyeong-in Nat`l Univ. of Education,Incheon Line1,I115,작전,Jakjeon,Incheon Line1,I116
46,546,1,경전철의정부,Lrt Uijeongbu,Uijeongbu Lrt Line,U113,의정부시청,Uijeongbu City Hall,Uijeongbu Lrt Line,U114
47,491,1,경찰병원,National Police Hospital,LINE 3,351,오금,Ogeum,LINE 3,352
48,45,1,계산,Gyesan,Incheon Line1,I114,경인교대입구,Gyeong-in Nat`l Univ. of Education,Incheon Line1,I115
49,39,5,계양,Gyeyang,Airport Railroad Line,A06,검암,Geomam,Airport Railroad Line,A07
49,100,1,계양,Gyeyang,Incheon Line1,I110,귤현,Gyulhyeon,Incheon Line1,I111
51,325,1,고덕,Godeok,LINE 5,552,상일동,Sangil-dong,LINE 5,553
52,533,1,고려대,Korea Univ.,LINE 6,640,월곡,Wolgok,LINE 6,641
53,79,1,고속터미널,Express Bus Terminal,LINE 3,339,교대,Seoul Nat`l Univ. of Education,LINE 3,340
53,130,2,고속터미널,Express Bus Terminal,LINE 7,734,내방,Naebang,LINE 7,735
53,300,1,고속터미널,Express Bus Terminal,LINE 9,923,사평,Sapyeong,LINE 9,924
56,644,2,고잔,Gojan,LINE 4,451,초지,Choji,LINE 4,452
57,274,2,고진,Gojin,Yongin Everline,Y121,보평,Bopyeong,Yongin Everline,Y123
58,260,2,곡산,Goksan,Gyeongui-Jungang Line,K323,백마,Baengma,Gyeongui-Jungang Line,K324
59,469,1,곤제,gonjae,Uijeongbu Lrt Line,U122,어룡,eoryong,Uijeongbu Lrt Line,U123
60,417,7,곤지암,Gonjiam,Gyeonggang Line,K415,신둔도예촌,Sindundoyechon,Gyeonggang Line,K416
61,331,2,공덕,Gongdeok,Gyeongui-Jungang Line,K312,서강대,Sogang Univ.,Gyeongui-Jungang Line,K313
61,453,1,공덕,Gongdeok,LINE 5,529,애오개,Aeogae,LINE 5,530
61,684,3,공덕,Gongdeok,Airport Railroad Line,A02,홍대입구,Hongik Univ.,Airport Railroad Line,A03
61,701,1,공덕,Gongdeok,LINE 6,626,효창공원앞,Hyochang park,LINE 6,627
65,655,1,공릉,Gongneung,LINE 7,716,태릉입구,Taereung,LINE 7,717
66,421,1,공항시장,Airport Market,LINE 9,903,신방화,Sinbanghwa,LINE 9,904
67,560,3,공항화물청사,Incheon Intl. Airport Cargo Terminal,Airport Railroad Line,A09,인천공항1터미널,Incheon Intl. Airport,Airport Railroad Line,A10
68,586,1,과천,Gwacheon,LINE 4,438,정부과천청사,Government Complex Gwacheon,LINE 4,439
69,449,2,관악,Gwanak,LINE 1,P146,안양,Anyang,LINE 1,P147
71,70,2,광교중앙,GwanggyoJungang,Shinbundang Line,D18,광교,Gwanggyo,Shinbundang Line,D19
72,628,2,광나루,Gwangnaru,LINE 5,546,천호,Cheonho,LINE 5,547
74,627,1,광명사거리,Gwangmyeongsageori,LINE 7,748,천왕,Cheonwang,LINE 7,749
75,319,5,광운대,Kwangwoon Univ.,Gyuongchun Line,P116,상봉,Sangbong,Gyuongchun Line,P120
75,346,1,광운대,Kwangwoon Univ.,LINE 1,119,석계,Seokgye,LINE 1,120
77,593,1,광화문,Gwanghwamun,LINE 5,533,종로3가,Jongno 3(sam)-ga,LINE 5,534
78,161,1,광흥창,Gwangheungchang,LINE 6,624,대흥,Daeheung,LINE 6,625
79,124,1,교대,Seoul Nat`l Univ. of Education,LINE 3,340,남부터미널,Nambu Bus Terminal,LINE 3,341
79,344,1,교대,Seoul Nat`l Univ. of Education,LINE 2,223,서초,Seocho,LINE 2,224
81,4,2,구로,Guro,LINE 1,141,가산디지털단지,Gasan Digital Complex,LINE 1,P142
81,89,1,구로,Guro,LINE 1,141,구일,Guil,LINE 1,142
82,152,1,구로디지털단지,Guro Digital Complex,LINE 2,232,대림,Daerim,LINE 2,233
83,30,1,구룡,Guryong,Bundang Line,k218,개포동,Gaepo-dong,Bundang Line,k219
84,167,2,구리,Guri,Gyeongui-Jungang Line,K123,도농,Donong,Gyeongui-Jungang Line,K124
85,420,1,구반포,Gubanpo,LINE 9,921,신반포,Sinbanpo,LINE 9,922
86,543,2,구산,Gusan,LINE 6,615,응암,Eungam,LINE 6,610
87,403,2,구성,Guseong,Bundang Line,K235,신갈,Singal,Bundang Line,K236
88,26,1,구의,Guui,LINE 2,213,강변,Gangbyeon,LINE 2,214
89,29,1,구일,Guil,LINE 1,142,개봉,Gaebong,LINE 1,143
90,481,2,구파발,Gupabal,LINE 3,320,연신내,Yeonsinnae,LINE 3,321
91,443,4,국수,Guksu,Gyeongui-Jungang Line,K132,아신,Asin,Gyeongui-Jungang Line,K133
93,474,1,국회의사당,National Assembly,LINE 9,914,여의도,Yeouido,LINE 9,915
94,444,21,군자,Gunja,LINE 5,544,아차산,Achasan,LINE 5,545
94,470,1,군자,Gunja,LINE 7,725,어린이대공원,Children`s  Grand Park,LINE 7,726
96,148,2,군포,Gunpo,LINE 1,P150,당정,Dangjeong,LINE 1,P151
97,262,3,굴봉산,Gulbongsan,Gyuongchun Line,P135,백양리,Baegyang-ri,Gyuongchun Line,P136
98,288,1,굴포천,Gulpocheon,LINE 7,758,부평구청,Bupyeong-gu Office,LINE 7,759
99,233,1,굽은다리,Gubeundari,LINE 5,550,명일,Myeongil,LINE 5,551
100,250,2,귤현,Gyulhyeon,Incheon Line1,I111,박촌,Bakchon,Incheon Line1,I112
101,664,4,금곡,Geumgok,Gyuongchun Line,P127,평내호평,PyeongnaeHopyeong,Gyuongchun Line,P128
102,106,2,금릉,Geumneung,Gyeongui-Jungang Line,K330,금촌,Geumchon,Gyeongui-Jungang Line,K331
103,96,2,금정,Geumjeong,LINE 1,P149,군포,Gunpo,LINE 1,P150
103,301,2,금정,Geumjeong,LINE 4,443,산본,Sanbon,LINE 4,444
105,73,2,금천구청,Geumcheon-Gu Office,LINE 1,P144,광명,Gwangmyeong,LINE 1,P144-1
105,350,2,금천구청,Geumcheon-Gu Office,LINE 1,P144,석수,Seoksu,LINE 1,P145
106,536,4,금촌,Geumchon,Gyeongui-Jungang Line,K331,월롱,Wollong,Gyeongui-Jungang Line,K333
107,501,1,금호,Geumho,LINE 3,334,옥수,Oksu,LINE 3,335
108,22,1,기흥,Giheung,Yongin Everline,Y110,강남대,Kangnam Univ.,Yongin Everline,Y111
108,314,2,기흥,Giheung,Bundang Line,K237,상갈,Sanggal,Bundang Line,K238
110,99,1,길동,Gil-dong,LINE 5,549,굽은다리,Gubeundari,LINE 5,550
111,365,1,길음,Gireum,LINE 4,417,성신여대입구,Sungshin Women`s Univ.,LINE 4,418
112,523,1,김량장,Gimnyangjang,Yongin Everline,Y119,운동장.송담대,Stadium Songdam College,Yongin Everline,Y120
113,127,6,김유정,Gimyujeong,Gyuongchun Line,P138,남춘천,Namchuncheon,Gyuongchun Line,P139
114,49,6,김포공항,Gimpo Intl. Airport,Airport Railroad Line,A05,계양,Gyeyang,Airport Railroad Line,A06
114,66,1,김포공항,Gimpo Intl. Airport,LINE 9,902,공항시장,Airport Market,LINE 9,903
114,380,1,김포공항,Gimpo Intl. Airport,LINE 5,512,송정,Songjeong,LINE 5,513
117,430,1,까치산,Kkachisan,LINE 5,518,신정,Sinjeong,LINE 5,519
119,285,1,까치울,Kkachiul,LINE 7,751,부천종합운동장,Bucheon Stadium,LINE 7,752
120,337,1,낙성대,Nakseongdae,LINE 2,227,서울대입구,Seoul Nat`l Univ.,LINE 2,228
121,4,1,남구로,Namguro,LINE 7,745,가산디지털단지,Gasan Digital Complex,LINE 7,746
122,563,2,남동구청,Namdong-gu Office,Incheon Line2,I225,인천대공원,Incheon Grand Park,Incheon Line2,I226
123,529,1,남동인더스파크,Namdong Induspark,Suin Line,K256,원인재,Woninjae,Suin Line,K257
124,460,2,남부터미널,Nambu Bus Terminal,LINE 3,341,양재,Yangjae,LINE 3,342
125,397,2,남성,Namseong,LINE 7,737,숭실대입구,Soongsil Univ.,LINE 7,738
126,519,2,남영,Namyeong,LINE 1,134,용산,Yongsan,LINE 1,135
127,647,3,남춘천,Namchuncheon,Gyuongchun Line,P139,춘천,Chuncheon,Gyuongchun Line,P140
128,357,2,남태령,Namtaeryeong,LINE 4,434,선바위,Seonbawi,LINE 4,435
129,142,1,남한산성입구,Namhansanseong,LINE 8,822,단대오거리,Dandaeogeori,LINE 8,823
130,551,1,내방,Naebang,LINE 7,735,이수,Isu,LINE 7,736
131,703,1,노들,Nodeul,LINE 9,918,흑석,Heukseok,LINE 9,919
132,131,1,노량진,Noryangjin,LINE 9,917,노들,Nodeul,LINE 9,918
132,155,2,노량진,Noryangjin,LINE 1,136,대방,Daebang,LINE 1,137
134,604,1,노원,Nowon,LINE 7,713,중계,Junggye,LINE 7,714
134,622,1,노원,Nowon,LINE 4,411,창동,Chang-dong,LINE 4,412
136,687,2,녹번,Nokbeon,LINE 3,323,홍제,Hongje,LINE 3,324
137,555,1,녹사평,Noksapyeong,LINE 6,629,이태원,Itaewon,LINE 6,630
138,1,1,녹양,Nogyang,LINE 1,108,가능,Ganeung,LINE 1,109
139,532,1,녹천,Nokcheon,LINE 1,117,월계,Wolgye,LINE 1,118
140,252,1,논현,Nonhyeon,LINE 7,732,반포,Banpo,LINE 7,733
141,149,2,능곡,Neunggok,Gyeongui-Jungang Line,K321,대곡,Daegok,Gyeongui-Jungang Line,K322
142,438,1,단대오거리,Dandaeogeori,LINE 8,823,신흥,Sinheung,LINE 8,824
143,534,2,달월,Dalwol,Suin Line,K251,월곶,Wolgot,Suin Line,K252
144,582,1,답십리,Dapsimni,LINE 5,542,장한평,Janghanpyeong,LINE 5,543
145,315,1,당고개,Danggogae,LINE 4,409,상계,Sanggye,LINE 4,410
146,93,2,당산,Dangsan,LINE 9,913,국회의사당,National Assembly,LINE 9,914
146,678,2,당산,Dangsan,LINE 2,237,합정,Hapjeong,LINE 2,238
148,544,3,당정,Dangjeong,LINE 1,P151,의왕,Uiwang,LINE 1,P152
149,58,2,대곡,Daegok,Gyeongui-Jungang Line,K322,곡산,Goksan,Gyeongui-Jungang Line,K323
149,693,2,대곡,Daegok,LINE 3,314,화정,Hwajeong,LINE 3,315
151,68,1,대공원,Seoul Grand Park,LINE 4,437,과천,Gwacheon,LINE 4,438
152,121,1,대림,Daerim,LINE 7,744,남구로,Namguro,LINE 7,745
152,415,2,대림,Daerim,LINE 2,233,신도림,Sindorim,LINE 2,234
154,388,3,대모산입구,Daemosan,Bundang Line,k220,수서,Suseo,Bundang Line,K221
155,405,1,대방,Daebang,LINE 1,137,신길,Singil,LINE 1,138
156,641,7,대성리,Daeseong-ri,Gyuongchun Line,P131,청평,Cheongpyeong,Gyuongchun Line,P132
157,251,2,대야미,Daeyami,LINE 4,446,반월,Banwol,LINE 4,447
158,570,1,대청,Daecheong,LINE 3,347,일원,Irwon,LINE 3,348
159,670,1,대치,Daechi,LINE 3,345,학여울,Hangnyeoul,LINE 3,346
160,602,1,대화,Daehwa,LINE 3,309,주엽,Juyeop,LINE 3,310
161,61,1,대흥,Daeheung,LINE 6,625,공덕,Gongdeok,LINE 6,626
162,464,5,덕계,Deokgye,LINE 1,106,양주,Yangju,LINE 1,107
163,172,2,덕소,Deokso,Gyeongui-Jungang Line,K126,도심,Dosim,Gyeongui-Jungang Line,K127
164,162,3,덕정,Deokjeong,LINE 1,105,덕계,Deokgye,LINE 1,106
165,83,1,도곡,Dogok,Bundang Line,K217,구룡,Guryong,Bundang Line,k218
165,159,1,도곡,Dogok,LINE 3,344,대치,Daechi,LINE 3,345
167,463,4,도농,Donong,Gyeongui-Jungang Line,K124,양정,Yangjeong,Gyeongui-Jungang Line,K125
168,465,2,도림천,Dorimcheon,LINE 2,234-1,양천구청,Yangcheon-gu Office,LINE 2,234-2
169,257,1,도봉,Dobong,LINE 1,114,방학,Banghak,LINE 1,115
170,169,1,도봉산,Dobongsan,LINE 1,113,도봉,Dobong,LINE 1,114
170,385,2,도봉산,Dobongsan,LINE 7,710,수락산,Suraksan,LINE 7,711
172,663,4,도심,Dosim,Gyeongui-Jungang Line,K127,팔당,Paldang,Gyeongui-Jungang Line,K128
173,195,1,도원,Dowon,LINE 1,159,동인천,Dongincheon,LINE 1,160
174,591,1,도화,Dohwa,LINE 1,157,제물포,Jemulpo,LINE 1,158
175,44,2,독립문,Dongnimmun,LINE 3,326,경복궁,Gyeongbokgung,LINE 3,327
176,481,1,독바위,Dokbawi,LINE 6,613,연신내,Yeonsinnae,LINE 6,614
177,105,1,독산,Doksan,LINE 1,P143,금천구청,Geumcheon-Gu Office,LINE 1,P144
178,39,2,독정,Dokjeong,Incheon Line2,I206,검암,Geomam,Incheon Line2,I207
179,346,1,돌곶이,Dolgoji,LINE 6,643,석계,Seokgye,LINE 6,644
180,182,1,동대문,Dongdaemun,LINE 4,421,동대문역사문화공원,Dongdaemun History  Culture Park,LINE 4,422
180,596,1,동대문,Dongdaemun,LINE 1,128,종로5가,Jongno 5(o)-ga,LINE 1,129
182,411,1,동대문역사문화공원,Dongdaemun History  Culture Park,LINE 2,205,신당,Sindang,LINE 2,206
182,632,1,동대문역사문화공원,Dongdaemun History  Culture Park,LINE 5,536,청구,Cheonggu,LINE 5,537
182,648,1,동대문역사문화공원,Dongdaemun History  Culture Park,LINE 4,422,충무로,Chungmuro,LINE 4,423
185,456,1,동대입구,Dongguk Univ.,LINE 3,332,약수,Yaksu,LINE 3,333
186,272,2,동두천,Dongducheon,LINE 1,101,보산,Bosan,LINE 1,102
187,619,1,동두천중앙,Dongducheon jungang,LINE 1,103,지행,Jihaeng,LINE 1,104
188,652,2,동막,Dongmak,Incheon Line1,I132,캠퍼스타운,Campus Town,Incheon Line1,I133
189,180,1,동묘앞,Dongmyo,LINE 1,127,동대문,Dongdaemun,LINE 1,128
189,624,1,동묘앞,Dongmyo,LINE 6,636,창신,Changsin,LINE 6,637
191,642,1,동백,Dongbaek,Yongin Everline,Y114,초당,Chodang,Yongin Everline,Y115
192,290,1,동수,Dongsu,Incheon Line1,I121,부평삼거리,Bupyeongsamgeori,Incheon Line1,I122
193,14,1,동암,Dongam,LINE 1,154,간석,Ganseok,LINE 1,155
194,328,1,동오,Dong-o,Uijeongbu Lrt Line,U118,새말,sae-mal,Uijeongbu Lrt Line,U119
195,557,2,동인천,Dongincheon,LINE 1,160,인천,Incheon,LINE 1,161
196,85,1,동작,Dongjak,LINE 9,920,구반포,Gubanpo,LINE 9,921
196,645,2,동작,Dongjak,LINE 4,431,총신대입구,Chongshin Univ.,LINE 4,432
198,394,2,동천,Dongcheon,Shinbundang Line,D14,수지구청,Suji-gu office,Shinbundang Line,D15
199,188,1,동춘,Dongchun,Incheon Line1,I131,동막,Dongmak,Incheon Line1,I132
200,626,3,두정,Dujeong,LINE 1,P168,천안,Cheonan,LINE 1,P169
201,583,3,둔전,Dunjeon,Yongin Everline,Y125,전대.에버랜드,Jeondae Everland,Yongin Everline,Y126
202,506,1,둔촌동,Dunchon-dong,LINE 5,P549,올림픽공원,Olympic Park,LINE 5,P550
203,610,1,둔촌오륜,Dunchon Oryun,LINE 9,937,중앙보훈병원,VHS Medical Center,LINE 9,938
204,483,1,등촌,Deungchon,LINE 9,909,염창,Yeomchang,LINE 9,910
205,211,8,디지털미디어시티,Digital Media City,Airport Railroad Line,A04,마곡나루,Magongnaru,Airport Railroad Line,A042
205,387,1,디지털미디어시티,Digital Media City,Gyeongui-Jungang Line,K316,수색,Susaek,Gyeongui-Jungang Line,K317
205,535,1,디지털미디어시티,Digital Media City,LINE 6,618,월드컵경기장,World Cup Stadium,LINE 6,619
208,364,1,뚝섬,Ttukseom,LINE 2,210,성수,Seongsu,LINE 2,211
209,634,2,뚝섬유원지,Ttukseom Park,LINE 7,728,청담,Cheongdam,LINE 7,729
210,254,1,마곡,Magok,LINE 5,514,발산,Balsan,LINE 5,515
211,114,2,마곡나루,Magongnaru,Airport Railroad Line,A042,김포공항,Gimpo Intl. Airport,Airport Railroad Line,A05
211,466,1,마곡나루,Magongnaru,LINE 9,905,양천향교,Yangcheon Hyanggyo,LINE 9,906
213,261,1,마두,Madu,LINE 3,312,백석,Baekseok,LINE 3,313
214,134,1,마들,Madeul,LINE 7,712,노원,Nowon,LINE 7,713
215,156,7,마석,Maseok,Gyuongchun Line,P130,대성리,Daeseong-ri,Gyuongchun Line,P131
216,144,1,마장,Majang,LINE 5,541,답십리,Dapsimni,LINE 5,542
217,508,1,마전,Majeon,Incheon Line2,I204,완정,Wanjeong,Incheon Line2,I205
219,61,1,마포,Mapo,LINE 5,528,공덕,Gongdeok,LINE 5,529
220,224,1,마포구청,Mapo-gu Office,LINE 6,620,망원,Mangwon,LINE 6,621
221,122,1,만수,Mansu,Incheon Line2,I224,남동구청,Namdong-gu Office,Incheon Line2,I225
222,408,2,망우,Mangu,Gyuongchun Line,P121,신내,Sinnae,Gyuongchun Line,P122
222,459,2,망우,Mangu,Gyeongui-Jungang Line,K121,양원,Yangwon,Gyeongui-Jungang Line,K122
224,678,1,망원,Mangwon,LINE 6,621,합정,Hapjeong,LINE 6,622
225,170,2,망월사,Mangwolsa,LINE 1,112,도봉산,Dobongsan,LINE 1,113
226,229,2,망포,Mangpo,Bundang Line,K241,매탄권선,MaetanGwonseon,Bundang Line,K242
227,390,2,매교,Maegyo,Bundang Line,K244,수원,Suwon,Bundang Line,K245
228,165,1,매봉,Maebong,LINE 3,343,도곡,Dogok,LINE 3,344
229,392,1,매탄권선,MaetanGwonseon,Bundang Line,K242,수원시청,Suwon City Hall,Bundang Line,K243
230,611,1,먹골,Meokgol,LINE 7,718,중화,Junghwa,LINE 7,719
231,296,1,면목,Myeonmok,LINE 7,721,사가정,Sagajeong,LINE 7,722
232,699,1,명동,Myeong-dong,LINE 4,424,회현,Hoehyeon,LINE 4,425
233,51,1,명일,Myeongil,LINE 5,551,고덕,Godeok,LINE 5,552
234,112,1,명지대,Myongji Univ.,Yongin Everline,Y118,김량장,Gimnyangjang,Yongin Everline,Y119
235,103,1,명학,Myeonghak,LINE 1,P148,금정,Geumjeong,LINE 1,P149
236,455,2,모란,Moran,Bundang Line,K225,야탑,Yatap,Bundang Line,K226
238,221,1,모래내시장,Moraenae Market,Incheon Line2,I223,만수,Mansu,Incheon Line2,I224
239,495,1,목동,Mok-dong,LINE 5,520,오목교,Omokgyo,LINE 5,521
240,574,1,몽촌토성,Mongchontoseong,LINE 8,813,잠실,Jamsil,LINE 8,814
241,175,1,무악재,Muakjae,LINE 3,325,독립문,Dongnimmun,LINE 3,326
242,485,1,문래,Mullae,LINE 2,235,영등포구청,Yeongdeungpo-gu Office,LINE 2,236
243,571,6,문산,Munsan,Gyeongui-Jungang Line,K335,임진강,Imjingang,Gyeongui-Jungang Line,K336
244,581,1,문정,Munjeong,LINE 8,818,장지,Jangji,LINE 8,819
245,361,1,문학경기장,Munhak Sports Complex,Incheon Line1,I127,선학,Seonhak,Incheon Line1,I128
246,198,4,미금,Migeum,Shinbundang Line,D13,동천,Dongcheon,Shinbundang Line,D14
246,494,1,미금,Migeum,Bundang Line,K231,오리,Ori,Bundang Line,K232
248,249,2,미아,Mia,LINE 4,415,미아사거리,Miasamgeori,LINE 4,416
249,111,1,미아사거리,Miasamgeori,LINE 4,416,길음,Gireum,LINE 4,417
250,572,1,박촌,Bakchon,Incheon Line1,I112,임학,Imhak,Incheon Line1,I113
251,318,4,반월,Banwol,LINE 4,447,상록수,Sangnoksu,LINE 4,448
252,53,1,반포,Banpo,LINE 7,733,고속터미널,Express Bus Terminal,LINE 7,734
253,697,1,발곡,Balgok,Uijeongbu Lrt Line,U110,회룡,Hoeryong,Uijeongbu Lrt Line,U111
254,521,1,발산,Balsan,LINE 5,515,우장산,Ujangsan,LINE 5,516
255,297,2,방배,Bangbae,LINE 2,225,사당,Sadang,LINE 2,226
256,491,1,방이,Bangi,LINE 5,P551,오금,Ogeum,LINE 5,P552
257,622,2,방학,Banghak,LINE 1,115,창동,Chang-dong,LINE 1,116
258,32,1,방화,Banghwa,LINE 5,510,개화산,Gaehwasan,LINE 5,511
259,505,5,배방,Baebang,LINE 1,P174,온양온천,Onyang oncheon,LINE 1,P176
260,667,2,백마,Baengma,Gyeongui-Jungang Line,K324,풍산,Pungsan,Gyeongui-Jungang Line,K325
261,149,3,백석,Baekseok,LINE 3,313,대곡,Daegok,LINE 3,314
262,27,5,백양리,Baegyang-ri,Gyuongchun Line,P136,강촌,Gangchon,Gyuongchun Line,P137
263,193,2,백운,Baegun,LINE 1,153,동암,Dongam,LINE 1,154
264,456,1,버티고개,Beotigogae,LINE 6,632,약수,Yaksu,LINE 6,633
265,103,3,범계,Beomgye,LINE 4,442,금정,Geumjeong,LINE 4,443
266,46,1,범골,Beomgol,Uijeongbu Lrt Line,U112,경전철의정부,Lrt Uijeongbu,Uijeongbu Lrt Line,U113
267,659,2,별내,Byeollae,Gyuongchun Line,P124,퇴계원,Toegyewon,Gyuongchun Line,P125
268,334,2,병점,Byeongjeom,LINE 1,P157,서동탄,Seodongtan,LINE 1,P157-1
268,369,2,병점,Byeongjeom,LINE 1,P157,세마,Sema,LINE 1,P158
269,437,1,보라매,Boramae,LINE 7,742,신풍,Sinpung,LINE 7,743
270,423,1,보문,Bomun,Ui Lrt Line,952,신설동,Sinseol-dong,Ui Lrt Line,953
270,448,1,보문,Bomun,LINE 6,638,안암,Anam,LINE 6,639
272,187,1,보산,Bosan,LINE 1,102,동두천중앙,Dongducheon jungang,LINE 1,103
273,87,2,보정,Bojeong,Bundang Line,K234,구성,Guseong,Bundang Line,K235
274,201,1,보평,Bopyeong,Yongin Everline,Y123,둔전,Dunjeon,Yongin Everline,Y125
275,12,2,복정,Bokjeong,Bundang Line,K222,가천대,Gachon Univ.,Bundang Line,K223
275,302,3,복정,Bokjeong,LINE 8,820,산성,Sanseong,LINE 8,821
277,440,2,봉명,Bongmyeong,LINE 1,P170,쌍용,Ssangyong,LINE 1,P171
278,597,1,봉은사,Bongeunsa,LINE 9,929,종합운동장,Sports Complex,LINE 9,930
279,418,1,봉천,Bongcheon,LINE 2,229,신림,Sillim,LINE 2,230
281,286,2,부개,Bugae,LINE 1,151,부평,Bupyeong,LINE 1,152
282,370,8,부발,Bubal,Gyeonggang Line,K418,세종대왕릉,Sejongdaewangneung,Gyeonggang Line,K419
283,606,2,부천,Bucheon,LINE 1,148,중동,Jung-dong,LINE 1,149
284,317,1,부천시청,Bucheon City Hall,LINE 7,755,상동,Sang-dong,LINE 7,756
285,646,1,부천종합운동장,Bucheon Stadium,LINE 7,752,춘의,Chunui,LINE 7,753
286,192,1,부평,Bupyeong,Incheon Line1,I120,동수,Dongsu,Incheon Line1,I121
286,263,2,부평,Bupyeong,LINE 1,152,백운,Baegun,LINE 1,153
288,291,1,부평구청,Bupyeong-gu Office,Incheon Line1,I118,부평시장,Bupyeong Market,Incheon Line1,I119
290,15,1,부평삼거리,Bupyeongsamgeori,Incheon Line1,I122,간석오거리,Ganseogogeori,Incheon Line1,I123
291,286,1,부평시장,Bupyeong Market,Incheon Line1,I119,부평,Bupyeong,Incheon Line1,I120
292,584,1,북한산보국문,Bukhansan Bogungmun,Ui Lrt Line,949,정릉,Jeongneung,Ui Lrt Line,950
293,375,1,북한산우이,Bukhansan Ui,Ui Lrt Line,941,솔밭공원,Solbat Park,Ui Lrt Line,942
294,136,1,불광,Bulgwang,LINE 3,322,녹번,Nokbeon,LINE 3,323
294,176,1,불광,Bulgwang,LINE 6,612,독바위,Dokbawi,LINE 6,613
296,517,1,사가정,Sagajeong,LINE 7,722,용마산,Yongmasan,LINE 7,723
297,120,2,사당,Sadang,LINE 2,226,낙성대,Nakseongdae,LINE 2,227
297,128,2,사당,Sadang,LINE 4,433,남태령,Namtaeryeong,LINE 4,434
299,101,4,사릉,Sareung,Gyuongchun Line,P126,금곡,Geumgok,Gyuongchun Line,P127
300,409,1,사평,Sapyeong,LINE 9,924,신논현,Sinnonhyeon,LINE 9,925
301,386,1,산본,Sanbon,LINE 4,444,수리산,Surisan,LINE 4,445
302,129,1,산성,Sanseong,LINE 8,821,남한산성입구,Namhansanseong,LINE 8,822
303,402,1,삼가,Samga,Yongin Everline,Y116,시청.용인대,City Hall Yongin Univ.,Yongin Everline,Y117
304,137,1,삼각지,Samgakji,LINE 6,628,녹사평,Noksapyeong,LINE 6,629
304,427,1,삼각지,Samgakji,LINE 4,428,신용산,Sinyongsan,LINE 4,429
306,41,5,삼동,Samdong,Gyeonggang Line,K412,경기광주,GyeonggiGwangju,Gyeonggang Line,K413
307,98,1,삼산체육관,Samsan Gymnasium,LINE 7,757,굴포천,Gulpocheon,LINE 7,758
308,355,1,삼성,Samseong,LINE 2,219,선릉,Seolleung,LINE 2,220
309,278,1,삼성중앙,Samseong Jungang,LINE 9,928,봉은사,Bongeunsa,LINE 9,929
310,617,2,삼송,Samsong,LINE 3,318,지축,Jichuk,LINE 3,319
311,312,1,삼양,Samyang,Ui Lrt Line,946,삼양사거리,Samyang Sageori,Ui Lrt Line,947
312,376,1,삼양사거리,Samyang Sageori,Ui Lrt Line,947,솔샘,Solsaem,Ui Lrt Line,948
313,354,1,삼전,Samjeon,LINE 9,931,석촌고분,Seokchon Gobun,LINE 9,932
314,640,3,상갈,Sanggal,Bundang Line,K238,청명,Cheongmyeong,Bundang Line,K239
315,134,1,상계,Sanggye,LINE 4,410,노원,Nowon,LINE 4,411
316,579,1,상도,Sangdo,LINE 7,739,장승배기,Jangseungbaegi,LINE 7,740
317,307,1,상동,Sang-dong,LINE 7,756,삼산체육관,Samsan Gymnasium,LINE 7,757
318,673,2,상록수,Sangnoksu,LINE 4,448,한대앞,Hanyang Univ. at Ansan,LINE 4,449
319,222,1,상봉,Sangbong,Gyeongui-Jungang Line,K120,망우,Mangu,Gyeongui-Jungang Line,K121
319,222,1,상봉,Sangbong,Gyuongchun Line,P120,망우,Mangu,Gyuongchun Line,P121
319,231,1,상봉,Sangbong,LINE 7,720,면목,Myeonmok,LINE 7,721
322,78,1,상수,Sangsu,LINE 6,623,광흥창,Gwangheungchang,LINE 6,624
323,510,1,상왕십리,Sangwangsimni,LINE 2,207,왕십리,Wangsimni,LINE 2,208
324,179,1,상월곡,Sangwolgok,LINE 6,642,돌곶이,Dolgoji,LINE 6,643
326,13,7,상천,Sangcheon,Gyuongchun Line,P133,가평,Gapyeong,Gyuongchun Line,P134
327,71,2,상현,Sanghyeon,Shinbundang Line,D17,광교중앙,GwanggyoJungang,Shinbundang Line,D18
328,42,1,새말,sae-mal,Uijeongbu Lrt Line,U119,경기도청북부청사,Gyeonggi Provincial Government Northern Office,Uijeongbu Lrt Line,U120
329,613,1,새절,Saejeol,LINE 6,616,증산,Jeungsan,LINE 6,617
330,132,1,샛강,Saetgang,LINE 9,916,노량진,Noryangjin,LINE 9,917
331,684,1,서강대,Sogang Univ.,Gyeongui-Jungang Line,K313,홍대입구,Hongik Univ.,Gyeongui-Jungang Line,K314
332,9,2,서구청,Seo-gu Office,Incheon Line2,I210,가정,Gajeong,Incheon Line2,I211
333,77,1,서대문,Seodaemun,LINE 5,532,광화문,Gwanghwamun,LINE 5,533
335,559,1,서부여성회관,West Woman's Community Center,Incheon Line2,I214,인천가좌,Incheon Gajwa,Incheon Line2,I215
336,672,2,서빙고,Seobinggo,Gyeongui-Jungang Line,K112,한남,Hannam,Gyeongui-Jungang Line,K113
337,279,1,서울대입구,Seoul Nat`l Univ.,LINE 2,228,봉천,Bongcheon,LINE 2,229
338,452,2,서울숲,Seoul-forest,Bundang Line,K211,압구정로데오,Apgujeongrodeo,Bundang Line,K212
339,61,3,서울역,Seoul Station,Airport Railroad Line,A01,공덕,Gongdeok,Airport Railroad Line,A02
339,126,2,서울역,Seoul Station,LINE 1,133,남영,Namyeong,LINE 1,134
339,396,1,서울역,Seoul Station,LINE 4,426,숙대입구,Sookmyung Women`s Univ.,LINE 4,427
343,616,2,서정리,Seojeong-ri,LINE 1,P163,지제,Jije,LINE 1,P164
344,255,2,서초,Seocho,LINE 2,224,방배,Bangbae,LINE 2,225
345,384,1,서현,Seohyeon,Bundang Line,K228,수내,Sunae,Bundang Line,K229
346,429,1,석계,Seokgye,LINE 1,120,신이문,Sinimun,LINE 1,121
346,655,1,석계,Seokgye,LINE 6,644,태릉입구,Taereung,LINE 6,645
348,335,1,석남,Seongnam,Incheon Line2,I213,서부여성회관,West Woman's Community Center,Incheon Line2,I214
349,565,1,석바위시장,Seokbawi Market,Incheon Line2,I220,인천시청,Inchon City Hall,Incheon Line2,I221
350,69,2,석수,Seoksu,LINE 1,P145,관악,Gwanak,LINE 1,P146
351,238,1,석천사거리,Seokcheon Sageori,Incheon Line2,I222,모래내시장,Moraenae Market,Incheon Line2,I223
352,382,1,석촌,Seokchon,LINE 8,815,송파,Songpa,LINE 8,816
352,383,1,석촌,Seokchon(Hansol Hospital),LINE 9,933,송파나루,Songpanaru,LINE 9,934
354,352,1,석촌고분,Seokchon Gobun,LINE 9,932,석촌,Seokchon(Hansol Hospital),LINE 9,933
355,478,1,선릉,Seolleung,LINE 2,220,역삼,Yeoksam,LINE 2,221
355,677,1,선릉,Seolleung,Bundang Line,K215,한티,Hanti,Bundang Line,k216
357,43,1,선바위,Seonbawi,LINE 4,435,경마공원,Seoul Racecourse Park,LINE 4,436
358,146,1,선유도,Seonyudo,LINE 9,912,당산,Dangsan,LINE 9,913
359,309,1,선정릉,Seonjeongneung,LINE 9,927,삼성중앙,Samseong Jungang,LINE 9,928
359,355,1,선정릉,Seonjeongneung,Bundang Line,K214,선릉,Seolleung,Bundang Line,K215
361,426,1,선학,Seonhak,Incheon Line1,I128,신연수,Sinyeonsu,Incheon Line1,I129
362,691,3,성균관대,Sungkyunkwan Univ.,LINE 1,P153,화서,Hwaseo,LINE 1,P154
363,327,2,성복,Seongbok,Shinbundang Line,D16,상현,Sanghyeon,Shinbundang Line,D17
364,34,1,성수,Seongsu,LINE 2,211,건대입구,Konkuk Univ.,LINE 2,212
365,270,1,성신여대입구,Sungshin Women`s Univ.,Ui Lrt Line,951,보문,Bomun,Ui Lrt Line,952
365,674,1,성신여대입구,Sungshin Women`s Univ.,LINE 4,418,한성대입구,Hansung Univ.,LINE 4,419
367,620,5,성환,Seonghwan,LINE 1,P166,직산,Jiksan,LINE 1,P167
368,268,4,세류,Seryu,LINE 1,P156,병점,Byeongjeom,LINE 1,P157
369,498,3,세마,Sema,LINE 1,P158,오산대,Osan College,LINE 1,P159
370,476,5,세종대왕릉,Sejongdaewangneung,Gyeonggang Line,K419,여주,Yeoju,Gyeonggang Line,K420
371,92,1,센트럴파크,Central Park,Incheon Line1,I137,국제업무지구,Intl. Business District,Incheon Line1,I138
372,562,1,소래포구,Soraepogu,Suin Line,K253,인천논현,Incheon Nonhyeon,Suin Line,K254
373,283,1,소사,Sosa,LINE 1,147,부천,Bucheon,LINE 1,148
374,186,3,소요산,Soyosan,LINE 1,100,동두천,Dongducheon,LINE 1,101
375,0,1,솔밭공원,Solbat Park,Ui Lrt Line,942,4.19민주묘지,April 19th National Cemetery,Ui Lrt Line,943
376,292,1,솔샘,Solsaem,Ui Lrt Line,948,북한산보국문,Bukhansan Bogungmun,Ui Lrt Line,949
377,281,1,송내,Songnae,LINE 1,150,부개,Bugae,LINE 1,151
378,568,2,송도,Songdo,Suin Line,K259,인하대,Inha Univ.,Suin Line,K261
379,654,1,송산,Songsan,Uijeongbu Lrt Line,U124,탑석,Tapseok,Uijeongbu Lrt Line,U125
380,210,1,송정,Songjeong,LINE 5,513,마곡,Magok,LINE 5,514
381,343,4,송탄,Songtan,LINE 1,P162,서정리,Seojeong-ri,LINE 1,P163
382,2,1,송파,Songpa,LINE 8,816,가락시장,Garak Market,LINE 8,817
383,675,1,송파나루,Songpanaru,LINE 9,934,한성백제,Hanseong Baekje,LINE 9,935
384,588,2,수내,Sunae,Bundang Line,K229,정자,Jeongja,Bundang Line,K230
385,214,1,수락산,Suraksan,LINE 7,711,마들,Madeul,LINE 7,712
386,157,3,수리산,Surisan,LINE 4,445,대야미,Daeyami,LINE 4,446
387,692,3,수색,Susaek,Gyeongui-Jungang Line,K317,화전,Hwajeon,Gyeongui-Jungang Line,K318
388,2,1,수서,Suseo,LINE 3,349,가락시장,Garak Market,LINE 3,350
388,275,3,수서,Suseo,Bundang Line,K221,복정,Bokjeong,Bundang Line,K222
390,368,3,수원,Suwon,LINE 1,P155,세류,Seryu,LINE 1,P156
392,227,1,수원시청,Suwon City Hall,Bundang Line,K243,매교,Maegyo,Bundang Line,K244
393,248,1,수유,Suyu,LINE 4,414,미아,Mia,LINE 4,415
394,363,2,수지구청,Suji-gu office,Shinbundang Line,D15,성복,Seongbok,Shinbundang Line,D16
395,236,1,수진,Sujin,LINE 8,825,모란,Moran,LINE 8,826
396,304,1,숙대입구,Sookmyung Women`s Univ.,LINE 4,427,삼각지,Samgakji,LINE 4,428
397,316,1,숭실대입구,Soongsil Univ.,LINE 7,738,상도,Sangdo,LINE 7,739
398,436,2,숭의,Sungui,Suin Line,K262,신포,Sinpo,Suin Line,K263
399,349,1,시민공원,Citizens Park,Incheon Line2,I219,석바위시장,Seokbawi Market,Incheon Line2,I220
400,339,1,시청,City Hall,LINE 1,132,서울역,Seoul Station,LINE 1,133
400,541,1,시청,City Hall,LINE 2,201,을지로입구,Euljiro 1(il)-ga,LINE 2,202
402,234,1,시청.용인대,City Hall Yongin Univ.,Yongin Everline,Y117,명지대,Myongji Univ.,Yongin Everline,Y118
403,108,1,신갈,Singal,Bundang Line,K236,기흥,Giheung,Bundang Line,K237
404,680,1,신금호,Singeumho,LINE 5,538,행당,Haengdang,LINE 5,539
405,474,1,신길,Singil,LINE 5,525,여의도,Yeouido,LINE 5,526
405,484,1,신길,Singil,LINE 1,138,영등포,Yeongdeungpo,LINE 1,139
407,587,3,신길온천,Singil oncheon,LINE 4,454,정왕,Jeongwang,LINE 4,455
408,16,3,신내,Sinnae,Gyuongchun Line,P122,갈매,Galmae,Gyuongchun Line,P123
409,472,1,신논현,Sinnonhyeon,LINE 9,925,언주,Eonju,LINE 9,926
410,516,1,신답,Sindap,LINE 2,211-2,용두,Yongdu,LINE 2,211-3
411,189,1,신당,Sindang,LINE 6,635,동묘앞,Dongmyo,LINE 6,636
411,323,1,신당,Sindang,LINE 2,206,상왕십리,Sangwangsimni,LINE 2,207
413,82,1,신대방,Sindaebang,LINE 2,231,구로디지털단지,Guro Digital Complex,LINE 2,232
414,269,1,신대방삼거리,Sindaebangsamgeori,LINE 7,741,보라매,Boramae,LINE 7,742
415,81,1,신도림,Sindorim,LINE 1,140,구로,Guro,LINE 1,141
415,168,1,신도림,Sindorim,LINE 2,234,도림천,Dorimcheon,LINE 2,234-1
415,242,1,신도림,Sindorim,LINE 2,234,문래,Mullae,LINE 2,235
417,552,8,신둔도예촌,Sindundoyechon,Gyeonggang Line,K416,이천,Icheon,Gyeonggang Line,K417
418,413,2,신림,Sillim,LINE 2,230,신대방,Sindaebang,LINE 2,231
419,358,1,신목동,Sinmokdong,LINE 9,911,선유도,Seonyudo,LINE 9,912
420,53,1,신반포,Sinbanpo,LINE 9,922,고속터미널,Express Bus Terminal,LINE 9,923
421,211,1,신방화,Sinbanghwa,LINE 9,904,마곡나루,Magongnaru,LINE 9,905
422,578,1,신사,Sinsa,LINE 3,337,잠원,Jamwon,LINE 3,338
423,189,1,신설동,Sinseol-dong,LINE 1,126,동묘앞,Dongmyo,LINE 1,127
426,529,1,신연수,Sinyeonsu,Incheon Line1,I129,원인재,Woninjae,Incheon Line1,I130
427,553,1,신용산,Sinyongsan,LINE 4,429,이촌,Ichon,LINE 4,430
428,91,3,신원,Sinwon,Gyeongui-Jungang Line,K131,국수,Guksu,Gyeongui-Jungang Line,K132
429,514,1,신이문,Sinimun,LINE 1,121,외대앞,Hankuk Univ. of Foreign Studies,LINE 1,122
430,239,1,신정,Sinjeong,LINE 5,519,목동,Mok-dong,LINE 5,520
431,117,1,신정네거리,Sinjeongnegeori,LINE 2,234-3,까치산,Kkachisan,LINE 2,234-4
432,284,1,신중동,Sinjung-dong,LINE 7,754,부천시청,Bucheon City Hall,LINE 7,755
434,339,9,신촌,Sinchon,Gyeongui-Jungang Line,P312,서울역,Seoul Station,Gyeongui-Jungang Line,P313
434,548,1,신촌,Sinchon,LINE 2,240,이대,Ewha Womans Univ.,LINE 2,241
436,557,1,신포,Sinpo,Suin Line,K263,인천,Incheon,Suin Line,K264
437,152,1,신풍,Sinpung,LINE 7,743,대림,Daerim,LINE 7,744
438,395,1,신흥,Sinheung,LINE 8,824,수진,Sujin,LINE 8,825
439,393,2,쌍문,Ssangmun,LINE 4,413,수유,Suyu,LINE 4,414
440,441,2,쌍용,Ssangyong,LINE 1,P171,아산,Asan,LINE 1,P172
441,259,5,아산,Asan,LINE 1,P172,배방,Baebang,LINE 1,P174
442,332,1,아시아드경기장,Asiad Stadium,Incheon Line2,I209,서구청,Seo-gu Office,Incheon Line2,I210
443,496,3,아신,Asin,Gyeongui-Jungang Line,K133,오빈,Obin,Gyeongui-Jungang Line,K134
444,72,2,아차산,Achasan,LINE 5,545,광나루,Gwangnaru,LINE 5,546
445,648,1,아현,Ahyeon,LINE 2,242,충정로,Chungjeongno,LINE 2,243
446,593,1,안국,Anguk,LINE 3,328,종로3가,Jongno 3(sam)-ga,LINE 3,329
447,407,2,안산,Ansan,LINE 4,453,신길온천,Singil oncheon,LINE 4,454
448,52,1,안암,Anam,LINE 6,639,고려대,Korea Univ.,LINE 6,640
449,235,2,안양,Anyang,LINE 1,P147,명학,Myeonghak,LINE 1,P148
450,628,1,암사,Amsa,LINE 8,810,천호,Cheonho,LINE 8,811
451,422,2,압구정,Apgujeong,LINE 3,336,신사,Sinsa,LINE 3,337
452,20,1,압구정로데오,Apgujeongrodeo,Bundang Line,K212,강남구청,Gangnam-gu Office,Bundang Line,K213
453,648,1,애오개,Aeogae,LINE 5,530,충정로,Chungjeongno,LINE 5,531
454,526,2,야당,Yadang,Gyeongui-Jungang Line,K328,운정,Unjeong,Gyeongui-Jungang Line,K329
455,549,2,야탑,Yatap,Bundang Line,K226,이매,Imae,Bundang Line,K227
456,107,1,약수,Yaksu,LINE 3,333,금호,Geumho,LINE 3,334
456,632,1,약수,Yaksu,LINE 6,633,청구,Cheonggu,LINE 6,634
458,428,5,양수,Yangsu,Gyeongui-Jungang Line,K130,신원,Sinwon,Gyeongui-Jungang Line,K131
459,84,3,양원,Yangwon,Gyeongui-Jungang Line,K122,구리,Guri,Gyeongui-Jungang Line,K123
460,228,1,양재,Yangjae,LINE 3,342,매봉,Maebong,LINE 3,343
460,462,2,양재,Yangjae,Shinbundang Line,D8,양재시민의숲,Yangjae Citizen's Forest,Shinbundang Line,D9
462,631,3,양재시민의숲,Yangjae Citizen's Forest,Shinbundang Line,D9,청계산입구,Cheonggyesan,Shinbundang Line,D10
463,163,2,양정,Yangjeong,Gyeongui-Jungang Line,K125,덕소,Deokso,Gyeongui-Jungang Line,K126
464,138,2,양주,Yangju,LINE 1,107,녹양,Nogyang,LINE 1,108
465,431,2,양천구청,Yangcheon-gu Office,LINE 2,234-2,신정네거리,Sinjeongnegeori,LINE 2,234-3
466,6,1,양천향교,Yangcheon Hyanggyo,LINE 9,906,가양,Gayang,LINE 9,907
467,485,1,양평,Yangpyeong,LINE 5,522,영등포구청,Yeongdeungpo-gu Office,LINE 5,523
467,528,6,양평,Yangpyeong,Gyeongui-Jungang Line,K135,원덕,Wondeok,Gyeongui-Jungang Line,K136
469,379,1,어룡,eoryong,Uijeongbu Lrt Line,U123,송산,Songsan,Uijeongbu Lrt Line,U124
470,34,1,어린이대공원,Children`s  Grand Park,LINE 7,726,건대입구,Konkuk Univ.,LINE 7,727
471,191,1,어정,Eojeong,Yongin Everline,Y113,동백,Dongbaek,Yongin Everline,Y114
472,359,1,언주,Eonju,LINE 9,926,선정릉,Seonjeongneung,LINE 9,927
473,219,2,여의나루,Yeouinaru,LINE 5,527,마포,Mapo,LINE 5,528
474,330,1,여의도,Yeouido,LINE 9,915,샛강,Saetgang,LINE 9,916
474,473,1,여의도,Yeouido,LINE 5,526,여의나루,Yeouinaru,LINE 5,527
477,373,2,역곡,Yeokgok,LINE 1,146,소사,Sosa,LINE 1,147
478,18,1,역삼,Yeoksam,LINE 2,221,강남,Gangnam,LINE 2,222
479,294,1,역촌,Yeokchon,LINE 6,611,불광,Bulgwang,LINE 6,612
480,378,3,연수,Yeonsu,Suin Line,K258,송도,Songdo,Suin Line,K259
481,86,1,연신내,Yeonsinnae,LINE 6,614,구산,Gusan,LINE 6,615
481,294,1,연신내,Yeonsinnae,LINE 3,321,불광,Bulgwang,LINE 3,322
483,419,1,염창,Yeomchang,LINE 9,910,신목동,Sinmokdong,LINE 9,911
484,415,2,영등포,Yeongdeungpo,LINE 1,139,신도림,Sindorim,LINE 1,140
485,146,1,영등포구청,Yeongdeungpo-gu Office,LINE 2,236,당산,Dangsan,LINE 2,237
485,487,1,영등포구청,Yeongdeungpo-gu Office,LINE 5,523,영등포시장,Yeongdeungpo Market,LINE 5,524
487,405,1,영등포시장,Yeongdeungpo Market,LINE 5,524,신길,Singil,LINE 5,525
488,524,3,영종,Yeongjong,Airport Railroad Line,A072,운서,Unseo,Airport Railroad Line,A08
489,226,2,영통,Yeongtong,Bundang Line,K240,망포,Mangpo,Bundang Line,K241
490,567,1,예술회관,Arts Center,Incheon Line1,I125,인천터미널,Incheon Bus Terminal,Incheon Line1,I126
491,28,1,오금,Ogeum,LINE 5,P552,개롱,Gaerong,LINE 5,P553
493,501,2,오류동,Oryu-dong,LINE 1,144,온수,Onsu,LINE 1,145
494,603,2,오리,Ori,Bundang Line,K232,죽전,Jukjeon,Bundang Line,K233
495,467,1,오목교,Omokgyo,LINE 5,521,양평,Yangpyeong,LINE 5,522
496,467,2,오빈,Obin,Gyeongui-Jungang Line,K134,양평,Yangpyeong,Gyeongui-Jungang Line,K135
497,621,3,오산,Osan,LINE 1,P160,진위,Jinwi,LINE 1,P161
498,497,3,오산대,Osan College,LINE 1,P159,오산,Osan,LINE 1,P160
499,143,2,오이도,Oido,Suin Line,K250,달월,Dalwol,Suin Line,K251
501,119,2,온수,Onsu,LINE 7,750,까치울,Kkachiul,LINE 7,751
501,451,2,옥수,Oksu,LINE 3,335,압구정,Apgujeong,LINE 3,336
501,477,1,온수,Onsu,LINE 1,145,역곡,Yeokgok,LINE 1,146
501,542,22,옥수,Oksu,Gyeongui-Jungang Line,K114,응봉,Eungbong,Gyeongui-Jungang Line,K115
505,433,5,온양온천,Onyang oncheon,LINE 1,P176,신창,Sinchang,LINE 1,P177
506,203,1,올림픽공원,Olympic Park,LINE 9,936,둔촌오륜,Dunchon Oryun,LINE 9,937
506,256,1,올림픽공원,Olympic Park,LINE 5,P550,방이,Bangi,LINE 5,P551
508,178,1,완정,Wanjeong,Incheon Line2,I205,독정,Dokjeong,Incheon Line2,I206
509,36,1,왕길,Wanggil,Incheon Line2,I202,검단사거리,Geomdan Sageori,Incheon Line2,I203
510,216,1,왕십리,Wangsimni,LINE 5,540,마장,Majang,LINE 5,541
510,338,2,왕십리,Wangsimni,Bundang Line,K210,서울숲,Seoul-forest,Bundang Line,K211
510,636,2,왕십리,Wangsimni,Gyeongui-Jungang Line,K116,청량리,Cheongnyangni,Gyeongui-Jungang Line,K117
510,676,1,왕십리,Wangsimni,LINE 2,208,한양대,Hanyang Univ.,LINE 2,209
514,694,1,외대앞,Hankuk Univ. of Foreign Studies,LINE 1,122,회기,Hoegi,LINE 1,123
515,364,2,용답,Yongdap,LINE 2,211-1,성수,Seongsu,LINE 2,211
515,410,1,용답,Yongdap,LINE 2,211-1,신답,Sindap,LINE 2,211-2
516,423,1,용두,Yongdu,LINE 2,211-3,신설동,Sinseol-dong,LINE 2,211-4
517,605,1,용마산,Yongmasan,LINE 7,723,중곡,Junggok,LINE 7,724
518,618,4,용문,Yongmun,Gyeongui-Jungang Line,K137,지평,Jipyeong,Gyeongui-Jungang Line,K138
519,132,3,용산,Yongsan,LINE 1,135,노량진,Noryangjin,LINE 1,136
519,553,2,용산,Yongsan,Gyeongui-Jungang Line,K110,이촌,Ichon,Gyeongui-Jungang Line,K111
521,689,1,우장산,Ujangsan,LINE 5,516,화곡,Hwagok,LINE 5,517
522,458,2,운길산,Ungilsan,Gyeongui-Jungang Line,K129,양수,Yangsu,Gyeongui-Jungang Line,K130
523,57,1,운동장.송담대,Stadium Songdam College,Yongin Everline,Y120,고진,Gojin,Yongin Everline,Y121
524,67,4,운서,Unseo,Airport Railroad Line,A08,공항화물청사,Incheon Intl. Airport Cargo Terminal,Airport Railroad Line,A09
526,102,3,운정,Unjeong,Gyeongui-Jungang Line,K329,금릉,Geumneung,Gyeongui-Jungang Line,K330
527,531,3,원당,Wondang,LINE 3,316,원흥,Wonheung,LINE 3,317
528,518,5,원덕,Wondeok,Gyeongui-Jungang Line,K136,용문,Yongmun,Gyeongui-Jungang Line,K137
529,199,1,원인재,Woninjae,Incheon Line1,I130,동춘,Dongchun,Incheon Line1,I131
529,480,1,원인재,Woninjae,Suin Line,K257,연수,Yeonsu,Suin Line,K258
531,310,2,원흥,Wonheung,LINE 3,317,삼송,Samsong,LINE 3,318
532,75,1,월계,Wolgye,LINE 1,118,광운대,Kwangwoon Univ.,LINE 1,119
533,324,1,월곡,Wolgok,LINE 6,641,상월곡,Sangwolgok,LINE 6,642
534,372,1,월곶,Wolgot,Suin Line,K252,소래포구,Soraepogu,Suin Line,K253
535,220,1,월드컵경기장,World Cup Stadium,LINE 6,619,마포구청,Mapo-gu Office,LINE 6,620
536,660,2,월롱,Wollong,Gyeongui-Jungang Line,K333,파주,Paju,Gyeongui-Jungang Line,K334
537,539,1,을지로3가,Euljiro 3(sam)-ga,LINE 2,203,을지로4가,Euljiro 4(sa)-ga,LINE 2,204
537,648,1,을지로3가,Euljiro 3(sam)-ga,LINE 3,330,충무로,Chungmuro,LINE 3,331
539,182,1,을지로4가,Euljiro 4(sa)-ga,LINE 2,204,동대문역사문화공원,Dongdaemun History  Culture Park,LINE 2,205
539,182,1,을지로4가,Euljiro 4(sa)-ga,LINE 5,535,동대문역사문화공원,Dongdaemun History  Culture Park,LINE 5,536
541,537,1,을지로입구,Euljiro 1(il)-ga,LINE 2,202,을지로3가,Euljiro 3(sam)-ga,LINE 2,203
542,510,1,응봉,Eungbong,Gyeongui-Jungang Line,K115,왕십리,Wangsimni,Gyeongui-Jungang Line,K116
543,329,1,응암,Eungam,LINE 6,610,새절,Saejeol,LINE 6,616
543,479,1,응암,Eungam,LINE 6,610,역촌,Yeokchon,LINE 6,611
544,362,3,의왕,Uiwang,LINE 1,P152,성균관대,Sungkyunkwan Univ.,LINE 1,P153
545,697,2,의정부,Uijeongbu,LINE 1,110,회룡,Hoeryong,LINE 1,111
546,704,1,의정부시청,Uijeongbu City Hall,Uijeongbu Lrt Line,U114,흥선,Heungseon,Uijeongbu Lrt Line,U115
547,194,1,의정부중앙,Uijeongbu Jung-ang,Uijeongbu Lrt Line,U117,동오,Dong-o,Uijeongbu Lrt Line,U118
548,445,1,이대,Ewha Womans Univ.,LINE 2,241,아현,Ahyeon,LINE 2,242
549,306,7,이매,Imae,Gyeonggang Line,K411,삼동,Samdong,Gyeonggang Line,K412
549,345,1,이매,Imae,Bundang Line,K227,서현,Seohyeon,Bundang Line,K228
551,125,1,이수,Isu,LINE 7,736,남성,Namseong,LINE 7,737
552,282,5,이천,Icheon,Gyeonggang Line,K417,부발,Bubal,Gyeonggang Line,K418
553,196,3,이촌,Ichon,LINE 4,430,동작,Dongjak,LINE 4,431
553,336,2,이촌,Ichon,Gyeongui-Jungang Line,K111,서빙고,Seobinggo,Gyeongui-Jungang Line,K112
555,671,1,이태원,Itaewon,LINE 6,630,한강진,Hangangjin,LINE 6,631
556,665,2,인덕원,Indeogwon,LINE 4,440,평촌,Pyeongchon,LINE 4,441
559,8,1,인천가좌,Incheon Gajwa,Incheon Line2,I215,가재울,Gajaeul,Incheon Line2,I216
560,561,6,인천공항1터미널,Incheon Intl. Airport,Airport Railroad Line,A10,인천공항2터미널,Incheon Int’l Airport Terminal 2,Airport Railroad Line,A11
562,683,1,인천논현,Incheon Nonhyeon,Suin Line,K254,호구포,Hogupo,Suin Line,K255
563,525,1,인천대공원,Incheon Grand Park,Incheon Line2,I226,운연,Unyeon,Incheon Line2,I227
564,371,1,인천대입구,Incheon Nat'l Univ.,Incheon Line1,I136,센트럴파크,Central Park,Incheon Line1,I137
565,351,1,인천시청,Inchon City Hall,Incheon Line2,I221,석천사거리,Seokcheon Sageori,Incheon Line2,I222
565,490,1,인천시청,Incheon City Hall,Incheon Line1,I124,예술회관,Arts Center,Incheon Line1,I125
567,245,1,인천터미널,Incheon Bus Terminal,Incheon Line1,I126,문학경기장,Munhak Sports Complex,Incheon Line1,I127
568,398,2,인하대,Inha Univ.,Suin Line,K261,숭의,Sungui,Suin Line,K262
569,653,2,일산,Ilsan,Gyeongui-Jungang Line,K326,탄현,Tanhyeon,Gyeongui-Jungang Line,K327
570,388,2,일원,Irwon,LINE 3,348,수서,Suseo,LINE 3,349
572,48,1,임학,Imhak,Incheon Line1,I113,계산,Gyesan,Incheon Line1,I114
573,17,1,작전,Jakjeon,Incheon Line1,I116,갈산,Galsan,Incheon Line1,I117
574,352,1,잠실,Jamsil,LINE 8,814,석촌,Seokchon,LINE 8,815
574,577,1,잠실,Jamsil,LINE 2,216,잠실새내,Jamsilsaenae,LINE 2,217
576,574,1,잠실나루,Jamsillaru,LINE 2,215,잠실,Jamsil,LINE 2,216
577,597,1,잠실새내,Jamsilsaenae,LINE 2,217,종합운동장,Sports Complex,LINE 2,218
578,53,1,잠원,Jamwon,LINE 3,338,고속터미널,Express Bus Terminal,LINE 3,339
579,414,1,장승배기,Jangseungbaegi,LINE 7,740,신대방삼거리,Sindaebangsamgeori,LINE 7,741
580,170,1,장암,Jangam,LINE 7,709,도봉산,Dobongsan,LINE 7,710
581,275,1,장지,Jangji,LINE 8,819,복정,Bokjeong,LINE 8,820
582,94,2,장한평,Janghanpyeong,LINE 5,543,군자,Gunja,LINE 5,544
584,365,1,정릉,Jeongneung,Ui Lrt Line,950,성신여대입구,Sungshin Women`s Univ.,Ui Lrt Line,951
585,213,1,정발산,Jeongbalsan,LINE 3,311,마두,Madu,LINE 3,312
586,556,3,정부과천청사,Government Complex Gwacheon,LINE 4,439,인덕원,Indeogwon,LINE 4,440
587,499,2,정왕,Jeongwang,LINE 4,455,오이도,Oido,LINE 4,456
588,246,2,정자,Jeongja,Bundang Line,K230,미금,Migeum,Bundang Line,K231
588,246,2,정자,Jeongja,Shinbundang Line,D12,미금,Migeum,Shinbundang Line,D13
590,423,1,제기동,Jegi-dong,LINE 1,125,신설동,Sinseol-dong,LINE 1,126
591,173,1,제물포,Jemulpo,LINE 1,158,도원,Dowon,LINE 1,159
592,400,1,종각,Jonggak,LINE 1,131,시청,City Hall,LINE 1,132
593,537,1,종로3가,Jongno 3(sam)-ga,LINE 3,329,을지로3가,Euljiro 3(sam)-ga,LINE 3,330
593,539,1,종로3가,Jongno 3(sam)-ga,LINE 5,534,을지로4가,Euljiro 4(sa)-ga,LINE 5,535
593,592,1,종로3가,Jongno 3(sam)-ga,LINE 1,130,종각,Jonggak,LINE 1,131
596,593,1,종로5가,Jongno 5(o)-ga,LINE 1,129,종로3가,Jongno 3(sam)-ga,LINE 1,130
597,308,1,종합운동장,Sports Complex,LINE 2,218,삼성,Samseong,LINE 2,219
597,313,1,종합운동장,Sports Complex,LINE 9,930,삼전,Samjeon,LINE 9,931
599,174,1,주안,Juan,LINE 1,156,도화,Dohwa,LINE 1,157
599,399,1,주안,Juan,Incheon Line2,I218,시민공원,Citizens Park,Incheon Line2,I219
601,599,1,주안국가산단,Juan National Industrial Complex,Incheon Line2,I217,주안,Juan,Incheon Line2,I218
602,585,2,주엽,Juyeop,LINE 3,310,정발산,Jeongbalsan,LINE 3,311
603,273,1,죽전,Jukjeon,Bundang Line,K233,보정,Bojeong,Bundang Line,K234
604,668,1,중계,Junggye,LINE 7,714,하계,Hagye,LINE 7,715
605,94,1,중곡,Junggok,LINE 7,724,군자,Gunja,LINE 7,725
606,377,1,중동,Jung-dong,LINE 1,149,송내,Songnae,LINE 1,150
607,319,1,중랑,Jungnang,Gyeongui-Jungang Line,K119,상봉,Sangbong,Gyeongui-Jungang Line,K120
607,319,1,중랑,Jungnang,Gyuongchun Line,P119,상봉,Sangbong,Gyuongchun Line,P120
609,56,1,중앙,Jungang,LINE 4,450,고잔,Gojan,LINE 4,451
611,319,1,중화,Junghwa,LINE 7,719,상봉,Sangbong,LINE 7,720
612,204,1,증미,Jeungmi,LINE 9,908,등촌,Deungchon,LINE 9,909
613,205,1,증산,Jeungsan,LINE 6,617,디지털미디어시티,Digital Media City,LINE 6,618
614,471,1,지석,Jiseok,Yongin Everline,Y112,어정,Eojeong,Yongin Everline,Y113
615,564,1,지식정보단지,BIT Zone,Incheon Line1,I135,인천대입구,Incheon Nat'l Univ.,Incheon Line1,I136
616,666,4,지제,Jije,LINE 1,P164,평택,Pyeongtaek,LINE 1,P165
617,90,2,지축,Jichuk,LINE 3,319,구파발,Gupabal,LINE 3,320
619,164,6,지행,Jihaeng,LINE 1,104,덕정,Deokjeong,LINE 1,105
620,200,4,직산,Jiksan,LINE 1,P167,두정,Dujeong,LINE 1,P168
621,381,4,진위,Jinwi,LINE 1,P161,송탄,Songtan,LINE 1,P162
622,139,1,창동,Chang-dong,LINE 1,116,녹천,Nokcheon,LINE 1,117
622,439,1,창동,Chang-dong,LINE 4,412,쌍문,Ssangmun,LINE 4,413
624,270,1,창신,Changsin,LINE 6,637,보문,Bomun,LINE 6,638
625,215,2,천마산,Cheonmasan,Gyuongchun Line,P129,마석,Maseok,Gyuongchun Line,P130
626,277,2,천안,Cheonan,LINE 1,P169,봉명,Bongmyeong,LINE 1,P170
627,501,1,천왕,Cheonwang,LINE 7,749,온수,Onsu,LINE 7,750
628,23,1,천호,Cheonho,LINE 5,547,강동,Gangdong,LINE 5,548
628,24,1,천호,Cheonho,LINE 8,811,강동구청,Gangdong-gu Office,LINE 8,812
630,74,1,철산,Cheolsan,LINE 7,747,광명사거리,Gwangmyeongsageori,LINE 7,748
631,661,8,청계산입구,Cheonggyesan,Shinbundang Line,D10,판교,Pangyo,Shinbundang Line,D11
632,404,1,청구,Cheonggu,LINE 5,537,신금호,Singeumho,LINE 5,538
632,411,1,청구,Cheonggu,LINE 6,634,신당,Sindang,LINE 6,635
634,20,1,청담,Cheongdam,LINE 7,729,강남구청,Gangnam-gu Office,LINE 7,730
635,488,10,청라국제도시,Cheongna Int’l City Station,Airport Railroad Line,A071,영종,Yeongjong,Airport Railroad Line,A072
636,590,1,청량리,Cheongnyangni,LINE 1,124,제기동,Jegi-dong,LINE 1,125
636,694,1,청량리,Cheongnyangni,Gyeongui-Jungang Line,K117,회기,Hoegi,Gyeongui-Jungang Line,K118
636,694,2,청량리,Cheongnyangni,Gyuongchun Line,P117,회기,Hoegi,Gyuongchun Line,P118
639,510,2,청량리,Cheongnyangni,Bundang Line,K209,왕십리,Wangsimni,Bundang Line,K210
640,489,1,청명,Cheongmyeong,Bundang Line,K239,영통,Yeongtong,Bundang Line,K240
641,326,5,청평,Cheongpyeong,Gyuongchun Line,P132,상천,Sangcheon,Gyuongchun Line,P133
642,303,3,초당,Chodang,Yongin Everline,Y115,삼가,Samga,Yongin Everline,Y116
643,60,5,초월,Chowol,Gyeonggang Line,K414,곤지암,Gonjiam,Gyeonggang Line,K415
644,447,2,초지,Choji,LINE 4,452,안산,Ansan,LINE 4,453
645,297,1,총신대입구,Chongshin Univ.,LINE 4,432,사당,Sadang,LINE 4,433
646,432,1,춘의,Chunui,LINE 7,753,신중동,Sinjung-dong,LINE 7,754
648,185,1,충무로,Chungmuro,LINE 3,331,동대입구,Dongguk Univ.,LINE 3,332
648,232,1,충무로,Chungmuro,LINE 4,423,명동,Myeong-dong,LINE 4,424
648,333,1,충정로,Chungjeongno,LINE 5,531,서대문,Seodaemun,LINE 5,532
648,400,1,충정로,Chungjeongno,LINE 2,243,시청,City Hall,LINE 2,201
652,658,1,캠퍼스타운,Campus Town,Incheon Line1,I133,테크노파크,Technopark,Incheon Line1,I134
653,454,2,탄현,Tanhyeon,Gyeongui-Jungang Line,K327,야당,Yadang,Gyeongui-Jungang Line,K328
655,230,1,태릉입구,Taereung,LINE 7,717,먹골,Meokgol,LINE 7,718
655,690,1,태릉입구,Taereung,LINE 6,645,화랑대,Hwarangdae,LINE 6,646
657,236,1,태평,Taepyeong,Bundang Line,K224,모란,Moran,Bundang Line,K225
658,615,1,테크노파크,Technopark,Incheon Line1,I134,지식정보단지,BIT Zone,Incheon Line1,I135
659,299,3,퇴계원,Toegyewon,Gyuongchun Line,P125,사릉,Sareung,Gyuongchun Line,P126
660,243,4,파주,Paju,Gyeongui-Jungang Line,K334,문산,Munsan,Gyeongui-Jungang Line,K335
661,549,2,판교,Pangyo,Gyeonggang Line,K410,이매,Imae,Gyeonggang Line,K411
661,588,3,판교,Pangyo,Shinbundang Line,D11,정자,Jeongja,Shinbundang Line,D12
663,522,6,팔당,Paldang,Gyeongui-Jungang Line,K128,운길산,Ungilsan,Gyeongui-Jungang Line,K129
664,625,4,평내호평,PyeongnaeHopyeong,Gyuongchun Line,P128,천마산,Cheonmasan,Gyuongchun Line,P129
665,265,1,평촌,Pyeongchon,LINE 4,441,범계,Beomgye,LINE 4,442
666,367,10,평택,Pyeongtaek,LINE 1,P165,성환,Seonghwan,LINE 1,P166
667,569,2,풍산,Pungsan,Gyeongui-Jungang Line,K325,일산,Ilsan,Gyeongui-Jungang Line,K326
668,65,1,하계,Hagye,LINE 7,715,공릉,Gongneung,LINE 7,716
669,140,1,학동,Hak-dong,LINE 7,731,논현,Nonhyeon,LINE 7,732
670,158,1,학여울,Hangnyeoul,LINE 3,346,대청,Daecheong,LINE 3,347
671,264,1,한강진,Hangangjin,LINE 6,631,버티고개,Beotigogae,LINE 6,632
672,501,2,한남,Hannam,Gyeongui-Jungang Line,K113,옥수,Oksu,Gyeongui-Jungang Line,K114
673,609,2,한대앞,Hanyang Univ. at Ansan,LINE 4,449,중앙,Jungang,LINE 4,450
674,682,1,한성대입구,Hansung Univ.,LINE 4,419,혜화,Hyehwa,LINE 4,420
675,506,1,한성백제,Hanseong Baekje,LINE 9,935,올림픽공원,Olympic Park,LINE 9,936
676,208,1,한양대,Hanyang Univ.,LINE 2,209,뚝섬,Ttukseom,LINE 2,210
677,165,1,한티,Hanti,Bundang Line,k216,도곡,Dogok,Bundang Line,K217
678,322,1,합정,Hapjeong,LINE 6,622,상수,Sangsu,LINE 6,623
678,684,1,합정,Hapjeong,LINE 2,238,홍대입구,Hongik Univ.,LINE 2,239
680,510,1,행당,Haengdang,LINE 5,539,왕십리,Wangsimni,LINE 5,540
681,141,2,행신,Haengsin,Gyeongui-Jungang Line,K320,능곡,Neunggok,Gyeongui-Jungang Line,K321
682,180,2,혜화,Hyehwa,LINE 4,420,동대문,Dongdaemun,LINE 4,421
683,123,1,호구포,Hogupo,Suin Line,K255,남동인더스파크,Namdong Induspark,Suin Line,K256
684,11,2,홍대입구,Hongik Univ.,Gyeongui-Jungang Line,K314,가좌,Gajwa,Gyeongui-Jungang Line,K315
684,205,3,홍대입구,Hongik Univ.,Airport Railroad Line,A03,디지털미디어시티,Digital Media City,Airport Railroad Line,A04
684,434,1,홍대입구,Hongik Univ.,LINE 2,239,신촌,Sinchon,LINE 2,240
687,241,1,홍제,Hongje,LINE 3,324,무악재,Muakjae,LINE 3,325
688,311,1,화계,Hwagye,Ui Lrt Line,945,삼양,Samyang,Ui Lrt Line,946
689,117,1,화곡,Hwagok,LINE 5,517,까치산,Kkachisan,LINE 5,518
690,280,1,화랑대,Hwarangdae,LINE 6,646,봉화산,Bonghwasan,LINE 6,647
691,390,2,화서,Hwaseo,LINE 1,P154,수원,Suwon,LINE 1,P155
692,25,3,화전,Hwajeon,Gyeongui-Jungang Line,K318,강매,Gangmae,Gyeongui-Jungang Line,K319
693,527,3,화정,Hwajeong,LINE 3,315,원당,Wondang,LINE 3,316
694,607,2,회기,Hoegi,Gyeongui-Jungang Line,K118,중랑,Jungnang,Gyeongui-Jungang Line,K119
694,607,2,회기,Hoegi,Gyuongchun Line,P118,중랑,Jungnang,Gyuongchun Line,P119
694,636,1,회기,Hoegi,LINE 1,123,청량리,Cheongnyangni,LINE 1,124
697,225,1,회룡,Hoeryong,LINE 1,111,망월사,Mangwolsa,LINE 1,112
697,266,1,회룡,Hoeryong,Uijeongbu Lrt Line,U111,범골,Beomgol,Uijeongbu Lrt Line,U112
699,339,1,회현,Hoehyeon,LINE 4,425,서울역,Seoul Station,LINE 4,426
700,59,1,효자,hyoja,Uijeongbu Lrt Line,U121,곤제,gonjae,Uijeongbu Lrt Line,U122
701,61,1,효창공원앞,Hyochang Park,Gyeongui-Jungang Line,K311,공덕,Gongdeok,Gyeongui-Jungang Line,K312
701,304,1,효창공원앞,Hyochang park,LINE 6,627,삼각지,Samgakji,LINE 6,628
701,519,2,효창공원앞,Hyochang Park,Gyeongui-Jungang Line,K311,용산,Yongsan,Gyeongui-Jungang Line,K110
703,196,1,흑석,Heukseok,LINE 9,919,동작,Dongjak,LINE 9,920
704,547,1,흥선,Heungseon,Uijeongbu Lrt Line,U115,의정부중앙,Uijeongbu Jung-ang,Uijeongbu Lrt Line,U117
